{
    "R0": 1.0,
    "R1": 0.4318181818181818,
    "R2": 0.6923076923076923,
    "R3": 0.5945945945945946,
    "R4": 1.0,
    "R5": 0.8125,
    "R6": 0.7608695652173914,
    "R7": 0.84375,
    "R8": 1.0,
    "R9": 0.6341463414634146,
    "Rd": 0.5897435897435898,
    "Rr": 1.0,
    "Rs": 0.6304347826086957,
    "B0": 1.0,
    "B1": 0.9999999999999999,
    "B2": 0.76,
    "B3": 0.48,
    "B4": 1.0,
    "B5": 0.85151515151515152,
    "B6": 1.0,
    "B7": 0.8217391304347826,
    "B8": 1.0,
    "B9": 0.6363636363636364,
    "Bd": 1.0,
    "Br": 0.7524,
    "Bs": 0.5,
    "G0": 1.0,
    "G1": 0.7117647058823529,
    "G2": 0.6217391304347826,
    "G3": 0.4651,
    "G4": 0.8095238095238095,
    "G5": 0.73043478260869565,
    "G6": 0.55,
    "G7": 0.75294117647058826,
    "G8": 1.0,
    "G9": 0.6444444444444444,
    "Gd": 0.45454545454545453,
    "Gr": 1.0,
    "Gs": 0.64285742857142855,
    "Y0": 1.0,
    "Y1": 0.44,
    "Y2": 1.0,
    "Y3": 0.76,
    "Y4": 1.0,
    "Y5": 0.6551724137931034,
    "Y6": 0.785,
    "Y7": 0.631578947368421,
    "Y8": 1.0,
    "Y9": 0.66666666666666666,
    "Yd": 0.6857142857142857,
    "Yr": 0.3888888888888889,
    "Ys": 0.875
}